{"cameraMode":{"drawMode":0,"name":"Shaded","section":"Shading Mode"},"sceneLighting":false,"audioPlay":false,"sceneViewState":{"showFog":true,"showMaterialUpdate":false,"showSkybox":true,"showFlares":true,"showImageEffects":true,"showParticleSystems":true},"in2DMode":false,"pivot":{"x":0.20647010207176209,"y":2.5914695262908937,"z":1.9296875},"rotation":{"x":0.03873703256249428,"y":-0.11366676539182663,"z":0.004435253329575062,"w":0.9927536249160767},"size":8.763535499572754,"orthographic":true}